{
  "tracks_0.geojson": [
    17.923055,
    47.206158,
    17.932442,
    47.213473
  ],
  "tracks_1.geojson": [
    17.922822,
    47.206323,
    17.932384,
    47.213349
  ],
  "tracks_2.geojson": [
    17.922932,
    47.206294,
    17.932397,
    47.213462
  ],
  "tracks_3.geojson": [
    17.928255,
    47.206133,
    17.932461,
    47.213349
  ],
  "tracks_4.geojson": [
    17.923084,
    47.206352,
    17.935011,
    47.213689
  ],
  "tracks_5.geojson": [
    12.6361233,
    47.0310453,
    17.935073,
    47.3724728
  ],
  "tracks_6.geojson": [
    12.550344,
    47.358756,
    12.646115,
    47.398513
  ],
  "tracks_7.geojson": [
    12.550842,
    47.363088,
    12.685868,
    47.428018
  ],
  "tracks_8.geojson": [
    12.600466,
    47.3795522,
    12.685785,
    47.410241
  ],
  "tracks_9.geojson": [
    12.597783,
    47.361518,
    12.714001,
    47.410061
  ],
  "tracks_10.geojson": [
    12.593153,
    47.031173,
    13.021162,
    47.379609
  ],
  "tracks_11.geojson": [
    10.9568702,
    46.942199,
    13.021102,
    47.039479
  ],
  "tracks_12.geojson": [
    10.9245666,
    46.919335,
    11.010574,
    46.975647
  ],
  "tracks_13.geojson": [
    10.939138,
    46.9508427,
    12.7664973,
    47.3622107
  ],
  "tracks_14.geojson": [
    12.729193,
    47.314833,
    12.794227,
    47.345792
  ],
  "tracks_15.geojson": [
    10.9182368,
    46.916265,
    12.789157,
    47.320467
  ],
  "tracks_16.geojson": [
    10.9246734,
    46.925051,
    11.011188,
    46.967155
  ],
  "tracks_17.geojson": [
    10.9537806,
    46.9415461,
    11.0092652,
    46.977894
  ],
  "tracks_18.geojson": [
    10.918183,
    46.916245,
    10.981083,
    46.9755427
  ],
  "tracks_19.geojson": [
    10.92471,
    46.925138,
    11.009261,
    46.967194
  ],
  "tracks_20.geojson": [
    10.95812,
    46.938079,
    13.02105,
    47.039539
  ],
  "tracks_21.geojson": [
    13.009154,
    47.0309956,
    13.021211,
    47.03957
  ],
  "tracks_22.geojson": [
    13.009137,
    47.031194,
    19.8736347,
    47.92532
  ],
  "tracks_23.geojson": [
    11.7294229,
    46.4773933,
    19.873311,
    47.925197
  ],
  "tracks_24.geojson": [
    11.8184922,
    46.475672,
    11.9531983,
    46.567674
  ],
  "tracks_25.geojson": [
    11.6749496,
    46.5385137,
    11.8341934,
    46.6007014
  ],
  "tracks_26.geojson": [
    11.6749576,
    46.53656,
    11.7532744,
    46.597794
  ],
  "tracks_27.geojson": [
    11.7439018,
    46.472636,
    11.8791573,
    46.5567068
  ],
  "tracks_28.geojson": [
    11.8396011,
    46.4892883,
    11.918716,
    46.582142
  ],
  "tracks_29.geojson": [
    11.715695,
    46.5289692,
    11.8536151,
    46.562008
  ],
  "tracks_30.geojson": [
    11.7271563,
    46.538387,
    13.5819774,
    47.2539691
  ],
  "tracks_31.geojson": [
    13.5334543,
    47.2403045,
    13.576953,
    47.2730136
  ],
  "tracks_32.geojson": [
    13.5266851,
    47.2367067,
    13.5819748,
    47.2707737
  ],
  "tracks_33.geojson": [
    13.5333086,
    47.240257,
    13.5777487,
    47.268858
  ],
  "tracks_34.geojson": [
    11.729522,
    46.516309,
    13.564001,
    47.2709172
  ],
  "tracks_35.geojson": [
    11.9451201,
    46.496865,
    12.112894,
    46.56114
  ],
  "tracks_36.geojson": [
    11.739162,
    46.519045,
    12.009707,
    46.5676516
  ],
  "tracks_37.geojson": [
    11.7271892,
    46.524662,
    11.871817,
    46.5574402
  ],
  "tracks_38.geojson": [
    11.84916,
    46.427476,
    11.911325,
    46.5253738
  ],
  "tracks_39.geojson": [
    11.7324299,
    46.4710929,
    11.8975412,
    46.555686
  ],
  "tracks_40.geojson": [
    11.7272341,
    46.537766,
    13.87057876586914,
    46.9231986999512
  ],
  "tracks_41.geojson": [
    13.853656768798828,
    46.9143905639648,
    13.873973846435547,
    46.9229888916016
  ],
  "tracks_42.geojson": [
    13.854334831237793,
    46.9156188964844,
    13.870084762573242,
    46.9230804443359
  ],
  "tracks_43.geojson": [
    13.853528022766113,
    46.9156112670898,
    13.872337341308594,
    46.9257583618164
  ],
  "tracks_44.geojson": [
    13.872337341308594,
    46.9230918884277,
    13.88200855255127,
    46.9322738647461
  ],
  "tracks_45.geojson": [
    13.879717826843262,
    46.9240608215332,
    13.890121459960938,
    46.9418144226074
  ],
  "tracks_46.geojson": [
    13.868797302246094,
    46.919017791748,
    13.894128799438477,
    46.9417877197266
  ],
  "tracks_47.geojson": [
    13.853432655334473,
    46.9156341552734,
    13.880071640014648,
    46.924732208252
  ],
  "tracks_48.geojson": [
    13.87185287475586,
    46.9235458374023,
    13.880156517028809,
    46.9241600036621
  ],
  "tracks_49.geojson": [
    13.869872093200684,
    46.9199447631836,
    13.890146255493164,
    46.9418601989746
  ],
  "tracks_50.geojson": [
    13.867579460144043,
    46.9169654846191,
    13.890143394470215,
    46.9418487548828
  ],
  "tracks_51.geojson": [
    13.880964279174805,
    46.917423248291,
    13.894793510437012,
    46.9386177062988
  ],
  "tracks_52.geojson": [
    13.868975639343262,
    46.916934967041,
    13.888083457946777,
    46.9322700500488
  ],
  "tracks_53.geojson": [
    13.864461898803711,
    46.9144134521484,
    13.879199981689453,
    46.9230003356934
  ],
  "tracks_54.geojson": [
    13.879055976867676,
    46.9179725646973,
    13.894868850708008,
    46.9264144897461
  ],
  "tracks_55.geojson": [
    13.879075050354004,
    46.9169235229492,
    13.890213012695312,
    46.9417686462402
  ],
  "tracks_56.geojson": [
    13.859125137329102,
    46.9168930053711,
    13.893994331359863,
    46.9358024597168
  ],
  "tracks_57.geojson": [
    13.853726387023926,
    46.9156227111816,
    13.880062103271484,
    46.9240570068359
  ],
  "tracks_58.geojson": [
    13.853732109069824,
    46.9153823852539,
    13.870877265930176,
    46.9230422973633
  ],
  "tracks_59.geojson": [
    13.864507675170898,
    46.9143943786621,
    13.874181747436523,
    46.923038482666
  ],
  "tracks_60.geojson": [
    13.849971771240234,
    46.9156150817871,
    13.866729736328125,
    46.9322280883789
  ],
  "tracks_61.geojson": [
    13.850081443786621,
    46.9201965332031,
    13.866067886352539,
    46.932186126709
  ],
  "tracks_62.geojson": [
    13.856450080871582,
    46.9200897216797,
    13.894037246704102,
    46.9418716430664
  ],
  "tracks_63.geojson": [
    13.879010200500488,
    46.9169044494629,
    13.893852233886719,
    46.9264602661133
  ],
  "tracks_64.geojson": [
    12.6779826,
    46.9188270568848,
    13.888017654418945,
    47.2064905
  ],
  "tracks_65.geojson": [
    12.6767127,
    47.1911201,
    12.6937184,
    47.2154522
  ],
  "tracks_66.geojson": [
    12.6776202,
    46.9178848266602,
    13.89468765258789,
    47.212691
  ],
  "tracks_67.geojson": [
    13.869725227355957,
    46.9179420471191,
    13.888772964477539,
    46.9322738647461
  ],
  "tracks_68.geojson": [
    13.854479789733887,
    46.914436340332,
    13.880023002624512,
    46.9322624206543
  ],
  "tracks_69.geojson": [
    13.875805854797363,
    46.9240036010742,
    13.89016056060791,
    46.941837310791
  ],
  "tracks_70.geojson": [
    13.878957748413086,
    46.916919708252,
    13.894901275634766,
    46.9370994567871
  ],
  "tracks_71.geojson": [
    13.867374420166016,
    46.916862487793,
    13.891416549682617,
    46.9322509765625
  ],
  "tracks_72.geojson": [
    13.853642463684082,
    46.915599822998,
    13.870018005371094,
    46.9241905212402
  ],
  "tracks_73.geojson": [
    13.854464530944824,
    46.9156188964844,
    13.872968673706055,
    46.9230690002441
  ],
  "tracks_74.geojson": [
    13.849968910217285,
    46.9156188964844,
    13.870551109313965,
    46.9320755004883
  ],
  "tracks_75.geojson": [
    12.6769915,
    46.9222679138184,
    13.870248794555664,
    47.215422
  ],
  "tracks_76.geojson": [
    12.5454131,
    47.1894424,
    12.6966715,
    47.4491477
  ],